appid,price
514520,3.7154548
1012710,9.249629
279260,6.303243
220090,6.6642203
788870,4.912597
920780,4.3886976
625780,4.971404
339440,6.6872907
448240,6.731329
838110,8.880111
444250,4.14877
752550,3.9657567
848720,2.9846098
925470,8.036751
832380,4.603699
517210,7.1739326
610360,2.6114316
982100,2.1733727
642600,4.4798155
498620,4.0468373
882260,3.3305552
664560,2.241612
803720,8.718647
683830,1.4702907
699790,4.668565
656740,7.469349
556070,4.0333657
929860,5.6822953
632830,3.8611603
672000,4.650649
466110,6.074562
1043510,3.3813064
340520,10.049774
409610,3.9779778
850230,3.4231958
274940,13.973529
568910,6.118256
842310,6.2072144
283180,5.9842396
817370,7.60759
289620,7.020582
374240,5.0365286
584990,7.955602
860090,2.6847138
636100,9.455373
543740,3.4453702
525860,5.1876855
806180,3.1019497
751740,4.585024
476460,4.8345065
385380,11.788569
1022010,6.6369023
813590,3.6344657
397160,9.642211
738920,6.3748636
517990,5.910779
387890,3.1797006
600990,9.259897
554280,5.85457
635670,4.1560774
1019150,3.6188617
246920,4.7275186
790600,3.322133
880830,4.9816976
527250,6.1462874
528770,5.90396
981550,5.511928
896160,17.206175
759530,2.5781775
873850,3.8383195
258590,11.267193
890920,1.6907469
653770,3.908398
550650,4.8588285
464340,22.165438
329630,7.765103
386390,6.698199
303290,13.527879
443940,2.515365
895650,2.503564
921060,7.8130136
290300,13.672333
507030,4.447977
12770,5.690483
294810,14.063603
591470,5.9092126
837530,5.7111135
348980,4.8279614
740320,3.0437956
463530,13.5433
676480,5.6139326
965450,2.301325
456920,6.0654755
848350,10.397447
494090,6.302898
259640,7.9528584
724120,4.6582065
978790,4.4903502
974010,3.819657
427860,4.325726
702320,-0.8613961
370140,3.0138824
769590,2.7455785
644640,15.532594
811520,2.645067
449000,0.77258354
532120,8.158746
996550,5.6386547
862390,5.8539248
7660,5.820985
494040,3.4724708
856190,5.8481703
513720,6.8562417
429480,3.2499247
1004570,4.568423
514500,14.577462
679780,6.0247927
916050,7.2849703
723790,4.1493073
359340,6.6556587
463320,5.9821534
307340,6.917576
219780,5.461233
541160,4.2945004
739050,7.0031095
914290,14.312661
500440,3.7245457
495580,7.786251
259320,3.3808503
454180,3.4312131
574070,1.6302456
1043020,4.9567294
588230,5.8451114
271550,3.4828415
894900,4.3090725
956000,5.6229835
338080,12.095236
776540,1.711085
348540,3.2092562
712380,4.1628585
347710,5.8901253
241620,6.69111
771690,5.875436
320400,3.1464167
12500,4.734334
232970,4.199971
571500,6.6481705
564420,4.0068583
746050,4.6971755
528820,3.80685
630310,17.99372
661560,4.2997255
534460,6.3826203
495350,1.2310381
938870,3.4679205
445840,3.491878
964210,4.674359
358000,3.9902077
511690,4.958262
663370,5.7788224
418120,8.994602
673570,4.1373224
857240,3.6341608
804900,3.7063696
666730,7.189453
300630,8.224499
743340,4.671933
784150,14.598179
217690,8.757029
652360,4.0780525
799530,5.917601
961460,3.2939782
513770,2.5922258
666660,5.85943
648780,5.7463164
529150,2.453271
348470,20.309204
567160,2.9959266
684400,4.023817
739000,0.9413229
566560,4.502189
709340,5.9092126
593250,3.1616485
716150,4.013694
457770,9.368808
782210,4.994531
696400,1.2622961
1032240,3.9301372
895120,3.408112
542480,-1.9996002
3540,4.73479
513230,10.074357
18700,5.21683
887900,3.6182795
446460,8.210131
687870,7.3495135
715210,3.530156
592040,2.867374
893490,2.621373
293160,7.285513
305920,5.6298394
567480,5.432877
920810,7.8286433
820790,3.645593
571260,23.100056
951130,2.3687718
436870,3.2628276
392290,4.2471876
438090,3.1128352
823800,4.779884
754340,5.377374
668300,3.8559916
516550,4.561764
655730,9.902893
762360,1.9131422
755580,2.9868999
421630,6.5495076
205830,3.8369071
644530,3.0658066
684320,4.5754104
341390,10.175881
308040,4.7858324
939200,3.561435
647990,7.369988
903760,5.2936025
969230,4.1456056
887960,4.637849
568040,5.461857
720320,5.89685
942300,3.052737
746910,1.5613574
366270,6.6720505
671510,31.169039
652610,3.4621894
977900,2.2328703
535760,1.854786
340380,5.3869987
242700,17.382973
616720,7.0273266
445720,3.8423252
439490,7.0963354
294580,7.82068
577120,2.4101
654020,6.2999415
972740,8.462589
471270,3.6151855
235520,9.19379
678240,3.0529563
739710,5.075281
779240,3.663378
1009690,3.1343079
341540,6.4775977
377430,3.1866481
464490,8.709527
822920,4.5624743
765640,4.0305066
404630,2.4972239
955400,3.8262916
370310,2.3919172
882910,8.639169
770050,4.899854
463040,0.90300894
612790,3.4244952
527890,4.5581346
401250,7.4004207
877820,4.198308
881250,5.69116
24410,8.176391
849350,3.0634346
563360,5.3404703
821670,5.344063
992300,14.162307
808080,13.177932
938070,2.2436135
324800,26.886545
841370,34.68177
873790,3.248847
741490,4.599256
853760,4.84355
658790,6.9608297
588890,5.9461193
261700,9.34177
326190,4.8689685
798420,-2.043423
394360,32.395737
928690,6.117805
981900,2.9458857
381940,6.378923
379640,4.081811
726430,4.1094375
474880,5.0973773
880610,2.8882623
226960,4.8265553
621150,2.951066
713050,3.2737138
921700,4.6080475
583060,3.291373
996830,6.7092986
399780,4.8644867
201070,8.136162
505290,4.01838
860890,13.788122
758220,3.9734616
9980,3.720626
608530,5.74049
670610,6.890288
976240,3.2041883
841200,2.4507906
509170,3.5964293
589060,8.576453
333880,8.62114
283680,8.480961
328430,6.8778377
416590,3.6662607
847790,5.3966956
865540,6.5621586
682270,4.4122553
40950,13.955841
708340,3.5421407
283470,5.948434
591950,2.627148
712660,4.0765553
966000,3.8879626
306480,4.5889864
352760,4.805785
729530,8.371338
468800,6.518307
357690,5.3672557
380020,6.4925714
833300,5.7858944
346900,7.3540926
537450,19.01379
284830,7.25142
837900,1.6235356
60350,5.0698714
774711,7.478423
496190,3.9337983
874640,3.4123664
365060,4.947812
913770,4.263095
786720,2.9317396
675680,9.227239
959980,2.9737864
443860,10.046413
820380,3.5928776
1036490,4.48967
548340,7.064754
98200,7.1813912
860200,2.3154116
655040,4.585272
748060,3.444128
713310,3.8006601
286320,5.228821
390340,17.056438
796090,5.5767994
380000,3.666704
858370,2.5291917
15100,11.452638
539270,4.425536
1032090,5.4450674
653100,3.0698142
388340,6.499103
575830,5.2962785
726760,2.781736
687360,3.7966914
277700,6.5664783
753230,8.13051
675990,4.1799955
723100,4.9060287
623550,0.91474104
105800,4.2307606
520380,5.4186387
337150,7.847141
292280,4.6860013
451840,10.972614
1037540,3.3049297
537090,4.263896
882080,7.05173
503750,3.73788
233210,8.788015
860340,6.9759364
867050,7.227085
847370,21.695423
4000,11.429358
1044770,4.334241
38600,5.494552
924500,1.6220267
315830,7.00607
822900,7.282443
365880,4.7683268
518580,3.6334343
745810,12.320183
870890,5.0912204
520750,3.7004588
974390,6.874451
470260,7.51407
507050,4.0714445
335660,4.562595
649670,5.7351427
677910,6.1586866
426690,2.543877
413040,7.6805973
681070,5.452915
225300,5.6918178
915190,4.161173
1010650,4.3231893
927310,10.943771
322130,8.925659
744670,6.8539534
778700,14.435209
667760,6.4923816
549180,6.7533455
525080,10.143051
809870,9.971321
313200,7.6909785
387290,17.517277
338530,1.2986524
756980,3.561029
747050,4.967905
736840,2.1193109
805500,2.5727892
502520,16.540222
439420,6.129034
336130,5.9349527
870590,4.07225
741560,2.5638192
801020,1.2537773
739190,6.1607633
279070,10.235637
289760,5.573932
706280,3.6421833
496630,6.560498
1002830,4.8919225
284790,8.019057
766370,14.255612
843360,9.965501
612160,4.598785
709840,5.683946
733790,14.547827
878470,1.7775254
291030,7.563867
277270,4.772898
743550,4.5619287
845590,4.967171
266230,7.5352645
394990,7.859523
552460,11.990079
408440,7.5379443
359050,5.930069
546090,5.0725846
686640,5.176322
591680,4.6934075
802650,1.5279387
1003650,4.5285077
337350,4.6837697
32120,6.361367
687750,6.371348
350200,6.673727
286770,7.358315
649620,7.2354054
801340,7.7792034
385760,25.627134
877230,4.9949584
1002970,3.4410894
593410,4.020084
540020,0.25822705
387870,4.0011215
622370,7.1391625
371520,9.959831
619430,5.343154
761890,12.166007
920800,2.0086598
1058910,2.7011125
544520,2.7021506
829370,3.5797021
545660,4.654937
837270,3.1951265
582200,4.3073025
809770,2.6327956
549880,9.007003
619100,2.6221545
736230,4.1883874
405550,6.2419653
656440,2.8082242
856420,2.1921
648100,5.9044514
827130,4.347825
609760,6.6121035
770660,8.575813
350700,-1.7168612
971460,4.2146606
344190,8.005026
46410,3.6519353
1039470,4.620539
572520,7.9180937
363890,8.032958
429540,13.174048
899480,3.487841
738760,6.0059004
275810,4.484913
622460,7.35402
509240,4.6537986
960200,5.698001
655280,3.2715402
251170,11.743835
618210,5.754398
846690,7.104202
1022160,4.5489674
557860,3.7642376
260040,3.5323527
682000,5.248966
394310,13.299373
394510,21.860641
888760,5.5129495
63960,6.4873424
745830,2.6705644
532260,4.595677
429270,2.5031157
328890,8.023059
678230,8.096121
533890,3.4253266
283600,7.350378
773490,2.5740254
962940,10.584616
264440,6.4055805
230650,13.778112
266980,6.786315
685790,3.726499
446120,11.330914
538070,9.2717285
992620,4.029109
861280,3.6906888
306930,0.015917093
874010,1.0541224
660030,3.1653464
646350,3.615322
891200,3.8252995
770560,3.0937743
1026960,5.4416895
629000,5.3366957
514730,5.73293
33460,9.0977
603810,5.3310857
821560,9.267558
402310,12.1432085
533630,5.4093943
553820,2.2047524
516250,3.9500566
769320,3.7474718
369580,6.207794
817220,5.64831
552410,7.1946173
944770,6.419651
816020,29.338062
257710,3.34137
265750,7.8634405
862580,8.179419
875830,5.709752
342560,9.018335
317040,7.2277455
380140,3.7702682
327640,3.3812804
615090,6.973599
800550,4.068041
718910,4.224601
645380,8.023605
1042460,6.2903743
896510,4.297353
1034740,6.3726945
749550,1.8964303
801840,2.9170852
400880,4.278157
893180,32.306717
954240,6.558152
702550,3.181378
300400,7.287251
397240,4.303524
942310,3.537447
614960,3.1794379
848300,2.445345
684980,3.325354
625160,3.1406293
289520,10.846425
699460,1.2262956
725540,7.369688
243970,9.58733
22200,6.1236835
681160,3.3399632
818640,3.1486435
560550,17.099926
783470,4.958692
903670,4.52209
846330,5.72575
729720,4.7449336
913640,3.4722402
495050,18.82264
675950,7.642423
283430,4.2415085
914900,3.9638438
571720,15.595433
882360,3.4873273
772500,5.9936657
576730,3.1362042
969480,5.63994
371120,8.532518
25990,8.374786
562160,3.5673032
285090,3.8090215
559030,2.060024
486940,15.332387
442070,4.9769588
361100,4.241106
317510,9.277414
747700,4.296538
963910,3.783606
46720,10.284003
302330,4.903034
928180,4.221295
762490,6.7375336
883300,2.8003259
493100,4.6293507
935240,3.8117194
674330,5.134433
578890,3.814052
283230,5.3527045
366610,1.7758716
1001140,6.914424
407380,10.06659
515700,5.4334154
823670,3.634564
881060,3.0109348
398680,2.8499424
698320,2.4627159
342260,6.0661373
410990,3.6456108
938260,5.4366584
617020,4.3218675
380950,10.744981
514580,4.2651033
838640,4.440489
318560,3.1140256
576560,1.7586436
250900,20.566408
303340,4.350859
510740,3.6871727
503390,5.90239
753630,5.350714
587260,18.935091
1009910,2.1155534
941410,2.3634
488300,20.016296
24800,6.9037085
878080,6.616944
879410,3.055851
555410,3.5378308
467380,6.8875957
921070,6.2986503
661920,3.9606955
819640,4.7544103
857160,3.1586576
424310,4.5860987
613330,3.3282197
796970,6.9148326
406730,4.801123
334960,5.5289145
804610,3.619659
18420,4.1230745
905890,3.4833312
912210,6.9251223
486470,4.360052
587970,2.8461645
313190,4.896472
836350,4.3117886
650490,3.2377295
537050,3.907708
407060,2.2819436
496540,4.509733
661110,6.008477
942760,5.9445677
992050,2.9920177
896220,2.120819
367350,5.2595143
260130,13.487609
932820,4.025262
679090,4.376273
553590,6.8380957
433840,5.7012696
966540,3.2677553
431610,4.5851617
516010,4.870631
434220,3.6292884
491040,8.25915
706690,3.2113955
1062670,4.345366
700050,2.3550205
718140,3.4123347
1027990,5.273432
498580,5.3917933
789570,6.052846
740520,7.096086
340210,5.0268846
601540,13.0909815
690460,5.446177
290730,-0.8292277
1035640,3.7508214
395930,7.244189
980690,4.6573925
447820,16.834446
295730,7.0984836
1050760,2.7968228
503580,8.144667
976390,6.733202
215690,5.634665
765630,3.4020746
693300,2.703156
249050,11.115365
577000,5.1789255
49800,3.752957
970680,3.748327
826810,4.9197745
358320,5.449346
585610,15.525261
648550,6.102858
523440,4.26823
886610,3.1182024
796400,3.0222147
964920,3.8030422
839300,10.952784
869280,3.632333
757590,4.267309
938600,4.11771
445220,22.196476
340120,3.185112
757210,12.625649
450670,9.1163645
435150,22.084858
468820,11.110127
489050,5.9713383
703760,3.7299972
459100,2.2260628
784950,-1.5063267
715440,5.864673
398170,11.291096
612540,4.7233906
462620,6.502718
375180,6.5024242
907560,3.6062038
672050,3.0644608
649660,3.5710034
761290,3.5237925
692790,3.7326539
815170,7.2276025
427730,0.6654892
915720,6.033641
1051830,4.003765
460140,5.73129
843580,5.831171
23380,5.521659
403180,8.275015
577940,13.580456
417350,6.6060596
332070,-0.9653425
709560,2.881428
396650,7.6674404
793050,9.763159
871330,4.268092
366510,11.045408
777420,4.5646996
513320,7.8003473
385940,6.5319786
793690,18.8025
368430,10.117789
328510,5.9863796
465650,12.074637
498990,7.0299277
644570,6.159148
903780,7.3173556
418940,3.2556667
867700,6.0005074
656780,3.3347383
341760,4.976295
666100,16.243006
793640,3.4483416
935070,8.473932
220900,5.0191846
311910,10.162241
250420,1.4145392
425150,6.405131
269310,8.69968
814010,3.1957052
725550,4.793278
336680,6.3079295
621880,-0.73935676
788050,3.3357835
586020,3.9160535
707350,6.6938252
765900,9.455547
321390,4.727568
625830,6.31869
221680,15.501919
871470,6.669662
954530,1.0486362
356190,29.249308
1053060,5.201361
586430,4.787767
770820,5.008213
200670,7.2470264
727140,3.0900614
530740,5.0728483
997340,3.2041883
9800,7.085935
805450,1.5563308
882390,4.6330543
732290,4.1019254
390560,8.952944
529700,8.818116
943390,3.008864
771710,8.426636
855980,2.0375843
855850,4.4805865
601550,3.1231508
578310,3.6287246
629840,11.977814
761040,4.7235217
325160,6.597595
938940,3.148879
593700,6.671923
563180,7.1612363
400800,23.12391
589250,7.568257
383690,8.099047
926350,6.7700677
498660,2.142016
466130,15.177218
307190,6.9928584
601250,5.098564
668970,4.5213094
502200,6.4943237
782630,2.5627346
338190,5.872568
998790,2.4353049
856160,4.756369
453980,1.1559731
669830,2.2371073
449140,6.1212006
812960,8.896568
671620,13.360839
801290,7.153534
658390,5.350714
685430,3.9937015
857130,4.8851337
24010,14.290954
853770,8.51048
378770,11.184329
508890,3.8773906
876470,4.999697
505210,4.5984964
992790,3.5137146
714360,2.679181
584880,8.047176
694500,7.6068635
746110,3.7352886
36000,6.3821406
686740,7.1611214
385150,3.081589
657230,3.7605352
453830,3.7619748
745900,4.7270064
415840,5.7463837
832520,4.373914
202130,10.250348
898830,4.2865777
773650,1.6796358
677340,7.348712
909570,5.9997983
377330,2.7466655
489730,4.8406982
455940,1.5078253
857680,11.839078
565140,6.1016874
591370,15.915839
33930,19.260176
865850,5.9420357
259020,0.06693211
987850,5.2909746
522280,5.267491
1062120,3.0252745
587010,3.2534983
531910,2.5753136
744040,6.013814
13600,6.7769113
440790,4.242847
551730,35.706036
233270,9.649726
497260,2.843998
1049420,3.9369109
460850,2.387004
801630,22.536247
212680,14.295016
846340,5.457989
783090,2.8714154
397950,8.278153
819880,4.1197777
512420,4.2059164
654670,3.070151
698100,2.5324516
364050,8.809615
765610,2.98131
1055770,4.6665936
403880,12.078142
932800,5.990487
862010,0.068329394
659320,3.8269303
455990,4.186926
355120,3.3644524
647950,3.9277246
627530,2.457865
445430,7.636901
538810,8.813624
815630,5.6206155
433790,1.978013
674800,3.9123173
754040,4.944689
395100,5.452706
927250,8.325693
817510,6.7513466
527110,3.795231
861290,5.150078
713380,4.782119
679400,5.066082
485790,7.5770235
688880,5.873047
207020,8.731924
37500,5.2077994
389840,6.515445
470780,3.6805487
396730,3.4890409
462990,7.496819
311190,8.528108
1017580,5.4707036
838440,7.7953954
414340,14.5433445
215470,6.8948474
313480,7.274778
843720,21.326616
650860,3.2270734
565540,3.6278872
809200,7.064304
346670,7.3409963
935920,4.0858455
312440,10.726031
426040,2.0236025
927930,6.8639646
259740,6.937065
506150,3.2944
273070,10.338457
884500,4.276981
528460,8.161299
622200,5.7545476
879470,5.375796
639220,6.8730736
395880,4.035405
262300,4.450451
904860,5.582449
366990,2.7489815
500660,8.190376
492490,4.3846626
214610,5.737816
339290,2.9904706
801780,3.1550784
661420,4.3377104
504490,3.222534
340990,8.164949
387280,6.19579
787420,5.0755
515260,5.0561786
384000,7.963888
566410,2.71278
513490,2.2192848
682350,3.3798914
272600,6.2552595
417400,3.9078832
318300,10.415404
968700,3.6796958
649170,8.662202
988330,3.2754898
999040,3.7280903
530720,2.6518161
661230,4.9975815
542790,4.5206866
772320,4.4423037
525480,20.75152
391280,6.5998116
501180,5.8092713
914620,19.554102
928810,2.8040953
974490,2.4336948
671900,7.329043
863380,3.3372111
203990,6.702284
680860,9.181329
739180,3.7161772
698980,3.545514
1036270,4.6522417
760880,5.350523
809530,3.6438303
545670,6.5361547
502720,10.626526
387840,4.7299104
313620,11.817429
587770,6.039756
954870,14.057908
402300,10.246457
325110,5.4958234
1012730,0.04707995
493450,6.555913
912520,3.1019497
524580,19.328156
906600,6.7879343
619140,4.120631
750710,3.5978513
650110,14.383888
448550,4.6800947
683890,6.0584483
102200,7.367986
788800,4.072489
542240,4.730906
562690,3.1500058
429360,8.381657
700480,5.838539
618370,7.302597
382900,13.488277
923670,3.1097913
263540,0.9051584
920200,4.1720023
451080,8.743409
521980,1.8544681
9160,3.4979606
278360,8.850586
635730,16.074234
601790,6.7923737
666620,4.3049145
427510,17.142906
844420,6.6466937
685950,3.8938541
326720,9.808569
203160,16.03112
733060,2.3027554
816330,3.983692
241720,7.203295
757330,2.0404758
831530,8.167841
286540,8.272875
277520,5.5678234
1057460,2.6475134
540500,6.793749
449240,5.4041586
648120,1.7940778
888610,6.3949976
277490,7.896881
695360,7.2259545
649640,15.077376
324270,5.1691885
1029080,6.322278
656940,3.05793
765880,8.145722
878640,2.5240374
523650,12.632525
777760,2.7620912
362810,8.2082615
863580,4.723808
496740,3.9546924
949530,4.9914546
435800,5.1882367
299360,3.2372773
788880,2.8672314
316950,6.033924
923730,2.4516063
756790,4.672021
425600,6.35481
656480,2.4799109
375840,7.7501993
962390,7.191445
216210,7.0019827
556010,1.0775678
311080,8.257938
576310,3.9023385
508330,5.454378
812770,3.2409413
367240,9.9986925
499230,5.285923
385230,5.3948355
659630,2.6939
704680,8.030981
388120,3.782761
217750,0.82016087
876130,3.7052245
493320,6.7591095
301970,8.251894
422810,14.29228
338810,7.299099
259190,6.197839
904540,14.794922
299110,7.82148
331600,17.92496
314050,3.2535484
512450,1.9407341
613980,5.0452423
601170,6.2064395
873860,6.813497
783060,2.2849698
397960,6.4452763
39650,9.762052
349450,6.377768
938630,2.8040953
449220,1.0842335
368080,5.645308
964130,6.2656484
857050,6.880697
839420,6.2005677
645280,5.706233
436850,7.351719
835690,6.0372167
346010,14.134082
538920,3.2781806
367010,5.256235
989540,6.4792295
668770,3.8943093
751080,2.7993307
267220,9.405789
707000,3.009706
825490,2.7644331
913090,9.564105
672030,3.1462278
495890,6.0022864
670100,3.3741944
823330,3.854661
850910,11.366646
289240,8.208395
829210,3.2008338
923050,3.4919014
756860,3.6824288
91200,7.891375
688720,4.355753
437400,1.7567402
657930,6.57051
498240,17.420607
912760,2.1720152
449100,5.7130284
380550,2.6883335
756040,6.4342055
389170,4.7434835
1024250,5.612465
302260,3.1041195
294660,6.5351048
840430,4.5732083
819080,4.690996
375320,3.1412313
607440,3.0647552
759540,10.553329
365760,3.8993168
518030,8.055182
744190,10.956473
294060,5.5657716
255370,5.747692
517670,7.353471
350810,5.1377206
57900,16.881071
998220,5.721872
965320,7.1431136
697360,2.9732742
404590,25.415024
757450,6.2222896
539750,3.29815
703030,5.828897
781590,8.270149
695510,5.9907036
428180,9.199403
268520,5.26944
960340,5.1529107
624270,12.97365
365590,30.865835
795500,3.1042507
552060,4.790797
658430,5.3011975
288040,7.373743
849980,3.2549472
329980,4.420804
916780,4.999746
675170,11.180819
847580,4.3155017
751430,2.222538
365360,13.665956
354180,6.179612
571350,5.248461
959990,3.55329
978910,10.123823
916060,9.673526
104200,6.9979258
1610,10.219659
636050,3.5626037
772420,4.0254755
357780,5.6400523
265380,4.76638
783600,5.303992
652050,9.058782
803680,2.3721232
809330,3.819657
800720,5.893529
287200,6.065125
458200,13.675533
611390,3.5237925
594330,11.472965
464040,3.6678283
288260,6.4627886
690040,7.3278604
656690,4.1093607
297750,10.58163
547470,3.4522297
576880,2.9617763
858180,1.9907209
870090,3.4371834
573550,7.430306
654630,4.4155216
16110,5.0170364
916130,6.497079
960700,3.9581559
557190,3.736451
527470,7.891757
598480,7.6435146
971610,5.30001
389570,4.3189254
455290,3.8057144
380700,4.3290114
851770,4.1372614
921850,3.7611012
699010,3.6340299
756490,4.093444
729370,8.342335
897360,2.699538
598470,0.5150671
560720,11.470096
623940,11.026248
917770,4.553157
1021840,2.64971
331510,5.9632344
877760,4.2906294
758050,5.4839253
262100,4.4171524
234140,23.368177
786690,2.7732766
431640,2.500862
525450,4.678777
540250,7.3728127
428040,5.259246
336020,3.116883
648570,11.867104
791350,0.19954073
463880,3.3855782
588210,12.32789
628820,3.1464696
240600,17.91107
649450,4.9031887
865270,5.2273006
322780,11.182948
968290,5.7298555
364350,5.5552506
547340,6.3708787
546030,4.4707823
681330,11.367928
887370,13.709129
444770,6.4728184
845630,11.080402
767110,2.8628852
557040,8.848384
674220,2.896474
467930,5.4065895
527360,3.7974315
1052760,2.6282756
698780,1.0918146
1018820,5.585403
890400,-1.3191978
356090,6.1078076
50510,4.7128572
874770,3.5106475
719180,5.170149
63610,5.4796553
446800,21.802301
664750,11.046575
506840,5.1083665
323470,27.697884
601810,11.424415
425450,6.272724
649630,4.478569
276300,7.476205
723760,5.758429
743330,6.668043
27900,5.5921874
274480,7.795681
363090,10.838279
759640,6.6584916
1014600,5.7490788
848710,2.7975059
840610,7.078109
457890,4.9199524
698610,4.042796
884250,2.9166348
785030,-0.30007732
457980,6.1219106
369360,2.7511096
569380,7.3134665
17300,6.943728
341870,11.569515
281610,11.612584
574890,6.721528
618080,11.802191
46270,6.322994
781230,3.001222
403070,5.199464
842070,3.609128
701810,5.510275
524540,7.1155715
957890,3.9029634
677710,3.1455662
489720,6.6112933
872440,10.683333
718010,7.4137034
886250,7.429031
366460,3.9164243
370590,4.232522
396890,9.335801
619220,3.908759
625680,7.3033423
386340,5.556631
832720,7.2190967
38740,6.2728953
894070,4.704384
755150,3.3605301
11360,4.867937
466290,5.663123
570500,9.0752535
857340,-0.5864265
975980,4.8584957
431850,3.851049
567240,4.3243847
508900,2.7363334
371390,2.0311933
516950,2.5993233
319480,6.0758777
562810,5.637408
1013650,7.5404577
732400,5.7252464
990940,3.767305
406090,3.6363926
247730,6.856301
383840,8.71446
695600,10.115691
321660,8.991056
292930,6.868879
534230,5.886459
577160,2.621994
813540,13.511426
581100,3.721145
347790,7.2157264
548130,6.882164
675210,4.83866
859340,14.182905
454540,1.7913222
533060,5.284746
652660,8.026473
451760,5.9161115
865930,8.276684
467760,11.570628
777580,4.191453
661700,8.225779
850740,2.7001958
525510,12.9491415
813820,6.6533875
779050,5.9948335
586110,0.13824436
385220,5.1689296
405670,6.475762
373480,2.936985
640250,3.3747873
698160,3.7361808
887520,4.6992
453000,2.5463278
799610,4.1928444
436500,8.76099
740100,4.396658
697630,8.05003
540410,7.130642
731600,4.7499247
722240,1.2774186
440750,2.5585792
914130,4.0342026
730690,3.3911784
718960,3.91208
243800,12.540095
363980,13.494527
306200,6.4496756
811860,8.69198
339340,18.984188
362680,11.18874
1006850,7.440426
393290,7.527863
576700,3.4048545
856750,3.9617076
1007630,8.292586
715460,4.834174
757190,2.9219189
550170,9.378722
483490,3.1701744
504800,5.105422
872230,5.176862
11190,8.085385
7770,7.09646
510500,12.672606
316180,4.2413445
827450,3.7811582
811130,3.9474313
736250,4.391856
935930,8.348202
548680,7.8100624
856390,4.71255
856560,3.5103693
705300,2.9043455
645820,5.8010073
261940,4.7769117
778870,4.494931
385440,3.2082732
600670,2.9508672
820300,2.6678722
453090,12.503009
560340,4.057872
257970,9.4623375
361950,9.482658
1022230,12.702487
228280,15.775084
688400,4.517713
582620,2.2365518
334920,10.213269
61500,7.613634
430190,7.8467307
605490,2.9754398
857470,5.385518
280040,6.7692027
972940,3.8188083
310810,7.261207
559200,2.2480702
416600,13.059522
387860,4.603027
557670,3.5319867
574860,6.2613378
853550,3.8407044
827830,5.041209
1003530,3.4472272
637940,4.418455
732520,5.193134
491010,2.1250074
301910,14.813546
976860,3.3092918
680550,4.193912
698960,3.4833312
664350,3.1898668
661530,2.1802044
200260,13.330221
542310,3.8714015
976870,2.1681619
821800,5.871804
366220,12.147656
710540,5.1796184
444430,4.5459414
349190,4.7465634
862520,6.286691
738900,3.6319497
397720,7.749633
573060,2.5185044
528970,5.6960144
844930,6.433819
353640,6.5576563
534320,2.6259775
302810,5.3273735
651380,4.463829
772600,8.338488
871480,3.5140917
6000,9.691085
514930,2.997157
488440,1.4057436
983230,2.0375843
751580,4.8552046
518280,5.6703253
470220,7.989639
423650,2.818572
968820,4.196974
654950,3.1253645
526470,4.074898
361190,5.1408944
694090,10.644556
313160,16.864185
323000,5.2460895
952330,4.4031267
677330,5.428121
654600,3.3477864
749180,4.4827013
370550,3.6911008
877590,2.7185297
728620,4.606418
675260,14.453998
1008710,5.3714466
666220,3.1048312
543280,4.560836
488950,8.538478
508600,9.347727
995480,3.9996529
722250,1.5881906
555940,1.8695285
863290,4.810341
368230,12.576629
757230,4.309267
887340,3.2394738
905220,5.480258
578620,10.043187
2320,7.0153427
46830,9.198186
571740,9.955929
392930,4.761001
569370,0.4077677
253840,9.856526
363790,8.33527
65790,5.926711
1019250,13.905014
501990,4.5053415
1042570,4.808451
435420,5.9402895
1021850,4.8475823
420770,4.604467
829080,3.0109334
941120,6.5896254
611060,8.7104
360970,8.237074
270770,5.089936
404480,4.0166492
455830,6.5884705
660400,5.3807397
352160,2.1720805
514550,2.7820559
845420,7.389934
204880,8.358982
827560,4.0748396
17100,7.326123
866450,3.3663995
680620,3.4779444
328640,5.9115953
565690,4.7088733
722050,2.1526065
851050,6.531914
677300,10.776747
48720,9.697274
572760,4.166443
372970,8.614146
926720,5.72575
378510,5.5305743
612070,10.977898
628090,10.142021
923650,4.1259537
663190,4.7241583
359260,2.0497165
512070,6.9838552
1028360,4.0494304
911880,1.8176783
951240,4.413739
863170,4.8310776
377450,9.85532
380670,5.6266117
488040,7.999345
657070,3.1157691
296730,7.198197
384700,4.3418016
662190,7.8332205
707610,3.6543763
293480,3.879387
691680,3.2618804
576130,4.3477077
730280,3.1430588
939470,3.2263708
430290,9.184618
396680,6.8343263
314520,21.017235
894330,5.518904
445230,5.454786
340410,5.881576
324260,12.071195
793240,3.3852227
998330,3.8477585
672490,5.87046
918820,9.021262
894110,3.6925726
673050,3.3898087
26300,6.410935
715010,4.888787
809850,5.66124
940180,4.87426
440630,7.2357173
824720,8.449546
635060,4.3253326
506550,2.8505285
209190,7.6650705
851200,2.4679503
701680,4.4060907
208630,5.442733
536560,15.505137
511490,2.4871478
979680,3.0389783
678430,5.9092126
393770,4.9693403
529940,5.7570195
391660,4.9203444
546820,4.3333836
508980,18.72285
530350,6.6636972
294710,11.00947
316890,8.185776
248820,11.778836
875270,2.4091167
394280,7.169593
688330,6.503777
328310,6.23209
710090,3.1941419
397210,8.104574
921960,6.4589863
293780,9.334423
886310,2.9256587
883070,5.3699937
520990,5.6073146
934990,5.0117393
375120,4.0370126
716240,4.3738384
770350,-0.13524956
715490,4.802376
658450,3.5454078
789120,5.2121615
877040,6.0855613
999540,4.6665936
396640,7.5952826
725110,4.3896236
484990,3.9839885
345350,22.326921
514460,4.028418
1020390,5.7564244
659220,5.9311337
485660,1.4180532
284930,5.310863
866100,6.828958
363840,6.6653585
216110,7.124142
352950,8.486117
555820,4.695047
785750,8.143139
527230,23.277672
572660,1.8865131
70,4.3959002
810340,4.2564545
398460,6.4016385
329190,8.818819
1002100,4.1308403
485610,1.9923469
977670,10.533723
869630,2.5511963
701540,4.877145
306370,8.576685
710250,3.5100982
974370,4.994021
414260,12.305168
1600,9.914724
313650,5.937863
601940,4.0834107
436480,4.911822
963680,8.182858
504810,9.781179
223100,21.423029
970580,8.02438
814190,1.9244038
251290,13.154609
751640,7.3652062
560010,4.5833325
606050,0.5933093
386490,1.8106654
65730,6.3897667
843170,4.8378534
327010,6.795429
630640,6.5829277
794570,8.356353
684580,17.13536
399890,5.428475
687980,2.8052282
333120,0.9580971
622720,11.133519
429180,5.157924
536890,8.305571
367700,9.471478
631920,4.776941
931700,6.1057777
727420,3.3702435
748760,3.6328356
772740,5.1348352
885810,7.250633
615070,5.0605564
816490,3.1757321
752330,4.8050194
713010,3.0385058
560250,5.306361
614630,16.084507
607890,18.934982
448940,3.412444
467910,6.5970783
263940,11.088126
569430,3.8884985
655940,4.1808977
695950,5.9092126
735320,4.1084146
654690,8.915803
1027550,6.374335
839210,4.6424484
860950,11.7418785
359090,3.7410796
273620,7.6955123
727790,5.0134225
694070,6.5086455
940150,4.7076235
595120,6.45778
209670,6.9271955
1010490,3.9595368
698620,10.816763
791490,5.16369
428210,4.11554
325930,8.470633
759750,2.7440805
485510,35.72736
406220,6.652363
404680,15.721468
545320,2.0573587
774551,12.767738
680340,7.576147
732370,7.108193
355080,2.7195818
268340,5.840756
744450,13.9153
333390,9.446137
602090,4.664604
439440,3.6942604
816200,2.3317485
690580,5.4307036
440120,4.496173
784000,1.9621702
769980,7.3662157
860600,2.7899287
744800,3.430798
705380,4.826277
466170,3.478369
553210,14.481519
6030,5.803092
673750,10.797293
366250,8.983107
400250,2.7569385
575920,1.5467622
878320,10.198124
340600,5.7185736
356450,4.0144587
553790,4.8433743
550080,21.348288
998150,4.3510656
1018810,5.4944987
496030,5.2511606
486020,3.9227426
234350,4.7407928
1045300,5.8241043
719800,6.5207186
370510,2.9870732
249990,7.2389717
356370,5.5036874
621090,5.20076
374630,5.473107
544610,18.170498
947540,4.6045566
399900,4.9898458
815250,5.050038
570490,3.267035
444160,2.440444
748490,25.119272
284870,7.207987
708790,5.60003
402750,6.538562
691430,3.4331324
586570,3.5253167
330570,5.0419602
547960,0.60618633
496380,4.516527
682140,8.016779
370060,7.0302
984450,7.763774
528090,5.9235773
552920,10.676221
758870,10.872675
296280,7.5457106
705420,5.8418965
383980,8.398414
907020,4.3450885
613200,3.123336
728070,5.0809474
595990,5.7930017
336160,4.2759676
805840,3.0547142
774261,3.5548103
726870,3.917798
878570,1.7857639
709850,5.0354567
439940,2.9257076
680140,3.6280138
219150,11.816759
504380,5.809685
573750,4.264104
587180,6.091488
391340,3.8944645
510780,7.883022
796580,3.9062958
950850,4.953633
879060,5.2241488
491000,5.727766
560180,4.880834
856450,7.978103
386290,4.7793803
412140,3.4261763
354030,3.4728673
871670,3.9124622
897550,6.4741435
741010,6.0618315
857940,3.535036
681780,3.0420387
867790,5.5204496
782130,1.1003654
500090,3.1852248
869180,4.0893626
771410,1.357507
660070,6.791421
322190,11.961716
1032520,4.6306086
233150,8.072527
624990,4.9819407
473800,2.178096
259170,6.63964
214970,5.6618805
24720,13.514136
377600,4.42183
349950,3.396502
725140,3.4687178
788380,-0.08592087
809540,4.3977504
343440,7.824691
529060,8.09516
782120,5.3203197
464880,14.583689
532980,5.6594806
324520,6.7452188
511610,3.1763396
819500,19.547518
753900,6.8579054
1046370,3.5850122
498340,8.22591
845510,4.862007
650750,10.545125
316370,6.227978
978340,2.2422023
724710,6.924154
310360,9.227502
47410,2.912665
729460,3.3960571
745400,14.551356
558750,6.568838
870040,2.903426
521630,3.636369
539460,1.4113891
847650,5.24356
896880,6.2009897
466740,9.181654
595280,4.968759
3510,4.15837
227800,6.5430036
798510,12.797885
1003020,9.766056
582430,1.3324239
867750,6.122283
676850,4.555748
854330,4.563523
1022040,2.642627
656200,7.9698186
850790,1.3274236
575110,7.724485
898680,2.1921
655420,4.6826153
313360,5.5823464
1037140,4.058583
320150,7.0321665
997700,1.3054023
579050,5.7077546
684420,2.807456
22600,12.531928
665330,14.547561
745180,3.0819001
781280,5.5510206
493080,8.4209175
785940,8.047723
699040,0.82848036
828730,3.815
457230,5.2725096
1004310,4.486249
284260,6.08274
263760,9.38384
643830,5.0109487
417980,6.1203656
546220,14.394749
805090,3.2580035
547480,4.6097317
338050,3.7289577
675720,1.2095523
528580,2.2866964
447540,3.7002113
963080,3.6049747
380790,1.665856
364740,2.554293
361550,11.796791
800270,20.368778
371320,5.88611
331980,4.143036
968560,4.275717
452570,10.492821
457570,3.7045922
908920,4.5289025
454770,5.049562
312240,5.2686515
625980,16.420765
729970,3.8794034
262900,7.871369
227560,7.418939
718090,8.350826
108600,13.579114
604900,3.0858362
791140,3.760086
277630,12.898231
354820,6.342058
564080,6.7997746
528450,5.5288053
776430,4.414549
878240,2.6968489
970510,3.032561
899620,4.143709
461560,2.950678
514360,3.6499438
753930,10.34392
381050,7.2549024
887060,12.699924
467290,4.28988
282760,3.2473357
211340,9.105849
405810,5.1542845
455980,18.417788
796920,10.236237
671920,3.861695
463760,5.615751
564100,4.572242
661650,5.76662
526890,4.1287527
496680,3.5877964
510930,5.5270553
332410,4.6806326
552960,4.5804715
10240,7.414595
242780,7.2567744
1014840,5.4601374
236450,8.315338
548470,3.322166
804400,4.848705
572630,5.0174284
251530,9.773716
942020,4.7489924
288630,5.5373883
835490,3.811703
443580,0.8081862
997870,4.069534
752570,9.619556
1020470,7.4024787
681290,2.422234
808800,4.9430323
555290,5.43916
6550,5.7934756
442770,5.573835
831770,3.9641507
612140,5.645027
274920,11.346255
570840,11.375493
517270,7.858486
231160,8.486242
21660,7.512951
832710,6.0640235
864570,1.2848984
865050,0.06399694
789730,4.2681828
250700,6.594555
462100,5.2713246
914690,9.744156
216890,9.2929325
478010,2.5589888
788610,5.54967
762130,3.4772136
780970,3.10271
384990,7.002147
737390,8.307497
371850,8.709131
993810,4.154088
318660,5.3239236
296510,6.9533334
628730,3.114911
801760,2.942777
697730,3.5071373
948630,4.9087734
822540,7.481259
9940,9.599115
983880,6.0281296
687760,5.1624975
391290,4.4118643
944710,3.8336143
